{"count":1,"self":451.75751679999996,"total":1428.4742787999999,"children":{"InitializeActuators":{"count":128,"self":0.0010027999999999999,"total":0.0010027999999999999,"children":null},"InitializeSensors":{"count":128,"self":0.0015128,"total":0.0015128,"children":null},"AgentSendState":{"count":156551,"self":1.0468965,"total":7.4717553,"children":{"CollectObservations":{"count":2003904,"self":2.3064654,"total":2.3064654,"children":null},"WriteActionMask":{"count":2003904,"self":0.13349719999999998,"total":0.13349719999999998,"children":null},"RequestDecision":{"count":2003904,"self":1.1368163999999998,"total":3.9848961999999997,"children":{"AgentInfo.ToProto":{"count":2003904,"self":0.82377899999999993,"total":2.8480798,"children":{"GenerateSensorData":{"count":2003904,"self":2.0243008,"total":2.0243008,"children":null}}}}}}},"DecideAction":{"count":156551,"self":966.09187839999993,"total":966.0919186,"children":null},"AgentAct":{"count":156551,"self":3.1505655999999997,"total":3.1505655,"children":null},"AgentInfo.ToProto":{"count":188,"self":0,"total":0,"children":{"GenerateSensorData":{"count":188,"self":0,"total":0,"children":null}}}},"gauges":{"FlappyBird.CumulativeReward":{"count":188,"max":1239.96912,"min":1.80199337,"runningAverage":326.2514,"value":226.876389,"weightedAverage":320.297638}},"metadata":{"timer_format_version":"0.1.0","start_time_seconds":"1774049694","unity_version":"6000.0.60f1","command_line_arguments":"C:\\Program Files\\Unity\\Hub\\Editor\\6000.0.60f1\\Editor\\Unity.exe -projectpath C:\\Users\\dibya\\RicketyShip -acceptSoftwareTermsForThisRunOnly -useHub -hubIPC -cloudEnvironment production","communication_protocol_version":"1.5.0","com.unity.ml-agents_version":"4.0.2","scene_name":"SampleScene","end_time_seconds":"1774051123"}}