{
    "name": "root",
    "gauges": {
        "FlappyBird.Policy.Entropy.mean": {
            "value": 0.060931697487831116,
            "min": 0.05576757714152336,
            "max": 0.07759156823158264,
            "count": 65
        },
        "FlappyBird.Policy.Entropy.sum": {
            "value": 635.6394653320312,
            "min": 465.88531494140625,
            "max": 1262.0906982421875,
            "count": 65
        },
        "FlappyBird.Step.mean": {
            "value": 649955.0,
            "min": 9973.0,
            "max": 649955.0,
            "count": 65
        },
        "FlappyBird.Step.sum": {
            "value": 649955.0,
            "min": 9973.0,
            "max": 649955.0,
            "count": 65
        },
        "FlappyBird.Policy.ExtrinsicValueEstimate.mean": {
            "value": 4.476370334625244,
            "min": 4.113132476806641,
            "max": 4.553404331207275,
            "count": 65
        },
        "FlappyBird.Policy.ExtrinsicValueEstimate.sum": {
            "value": 349.1568908691406,
            "min": 320.96160888671875,
            "max": 359.71893310546875,
            "count": 65
        },
        "FlappyBird.Environment.EpisodeLength.mean": {
            "value": 6507.0,
            "min": 185.5,
            "max": 9660.0,
            "count": 40
        },
        "FlappyBird.Environment.EpisodeLength.sum": {
            "value": 6507.0,
            "min": 371.0,
            "max": 11281.0,
            "count": 40
        },
        "FlappyBird.Environment.CumulativeReward.mean": {
            "value": 287.5370938181877,
            "min": 2.9290003180503845,
            "max": 429.3021392226219,
            "count": 40
        },
        "FlappyBird.Environment.CumulativeReward.sum": {
            "value": 287.5370938181877,
            "min": 5.858000636100769,
            "max": 491.41215831041336,
            "count": 40
        },
        "FlappyBird.Policy.ExtrinsicReward.mean": {
            "value": 287.5370938181877,
            "min": 2.9290003180503845,
            "max": 429.3021392226219,
            "count": 40
        },
        "FlappyBird.Policy.ExtrinsicReward.sum": {
            "value": 287.5370938181877,
            "min": 5.858000636100769,
            "max": 491.41215831041336,
            "count": 40
        },
        "FlappyBird.IsTraining.mean": {
            "value": 1.0,
            "min": 1.0,
            "max": 1.0,
            "count": 65
        },
        "FlappyBird.IsTraining.sum": {
            "value": 1.0,
            "min": 1.0,
            "max": 1.0,
            "count": 65
        },
        "FlappyBird.Losses.PolicyLoss.mean": {
            "value": 0.02177674932560573,
            "min": 0.01660292753755736,
            "max": 0.0288549978674079,
            "count": 39
        },
        "FlappyBird.Losses.PolicyLoss.sum": {
            "value": 0.02177674932560573,
            "min": 0.01660292753755736,
            "max": 0.0288549978674079,
            "count": 39
        },
        "FlappyBird.Losses.ValueLoss.mean": {
            "value": 0.05546679347753525,
            "min": 0.04300367351000508,
            "max": 0.2158344987158974,
            "count": 39
        },
        "FlappyBird.Losses.ValueLoss.sum": {
            "value": 0.05546679347753525,
            "min": 0.04300367351000508,
            "max": 0.2158344987158974,
            "count": 39
        },
        "FlappyBird.Policy.LearningRate.mean": {
            "value": 0.0002353373215542333,
            "min": 0.0002353373215542333,
            "max": 0.0002983494005502,
            "count": 39
        },
        "FlappyBird.Policy.LearningRate.sum": {
            "value": 0.0002353373215542333,
            "min": 0.0002353373215542333,
            "max": 0.0002983494005502,
            "count": 39
        },
        "FlappyBird.Policy.Epsilon.mean": {
            "value": 0.17844576666666667,
            "min": 0.17844576666666667,
            "max": 0.1994498,
            "count": 39
        },
        "FlappyBird.Policy.Epsilon.sum": {
            "value": 0.17844576666666667,
            "min": 0.17844576666666667,
            "max": 0.1994498,
            "count": 39
        },
        "FlappyBird.Policy.Beta.mean": {
            "value": 0.0039244437566666665,
            "min": 0.0039244437566666665,
            "max": 0.00497254502,
            "count": 39
        },
        "FlappyBird.Policy.Beta.sum": {
            "value": 0.0039244437566666665,
            "min": 0.0039244437566666665,
            "max": 0.00497254502,
            "count": 39
        }
    },
    "metadata": {
        "timer_format_version": "0.1.0",
        "start_time_seconds": "1774051120",
        "python_version": "3.10.12 | packaged by Anaconda, Inc. | (main, Jul  5 2023, 19:01:18) [MSC v.1916 64 bit (AMD64)]",
        "command_line_arguments": "C:\\pinokio\\bin\\miniconda\\envs\\mlagents\\Scripts\\mlagents-learn config/flappy_config.yaml --run-id=flappy_run_10 --initialize-from=flappy_run_7",
        "mlagents_version": "1.2.0.dev0",
        "mlagents_envs_version": "1.2.0.dev0",
        "communication_protocol_version": "1.5.0",
        "pytorch_version": "2.12.0.dev20260221+cu128",
        "numpy_version": "1.23.5",
        "end_time_seconds": "1774051538"
    },
    "total": 418.8730843000085,
    "count": 1,
    "self": 0.003507399989757687,
    "children": {
        "run_training.setup": {
            "total": 0.05470390000846237,
            "count": 1,
            "self": 0.05470390000846237
        },
        "TrainerController.start_learning": {
            "total": 418.81487300001027,
            "count": 1,
            "self": 0.12238229991635308,
            "children": {
                "TrainerController._reset_env": {
                    "total": 6.028811199998017,
                    "count": 1,
                    "self": 6.028811199998017
                },
                "TrainerController.advance": {
                    "total": 412.0258829000959,
                    "count": 10355,
                    "self": 0.11625829922559205,
                    "children": {
                        "env_step": {
                            "total": 338.9361122004775,
                            "count": 10355,
                            "self": 317.48558109940495,
                            "children": {
                                "SubprocessEnvManager._take_step": {
                                    "total": 21.371315901065827,
                                    "count": 10355,
                                    "self": 0.48281300216331147,
                                    "children": {
                                        "TorchPolicy.evaluate": {
                                            "total": 20.888502898902516,
                                            "count": 10311,
                                            "self": 20.888502898902516
                                        }
                                    }
                                },
                                "workers": {
                                    "total": 0.07921520000672899,
                                    "count": 10354,
                                    "self": 0.0,
                                    "children": {
                                        "worker_root": {
                                            "total": 314.563774698865,
                                            "count": 10354,
                                            "is_parallel": true,
                                            "self": 112.18416509752569,
                                            "children": {
                                                "steps_from_proto": {
                                                    "total": 0.0006113000126788393,
                                                    "count": 1,